{"metadata":{"usedHelpers":[],"marked":[],"modules":{"imports":[],"exports":{"exported":[],"specifiers":[]}}},"options":{"filename":"/app.js","filenameRelative":"/app.js","env":{},"retainLines":false,"highlightCode":true,"suppressDeprecationMessages":false,"presets":[],"plugins":[[[],null],[[],null],[[],null],[[],null],[[],null],[[],null],[[],null],[[],{"polyfill":false}],[[],null],[[],null],[[],null],[[],null],[[],null],[[],null],[[],null],[[],null],[[],{"loose":true}],[[],{"loose":true}],[[],null],[[],{"loose":true}],[[],null],[[],null],[[],{"allowTopLevelThis":true,"strict":false,"loose":true}],[[],null],[[],null],[[],null],[[],null],[[],null],[[],{"loose":true}],[[],null],[[],null],[[],null],[[],null],[[],null],[[],null],[[],null],[[],null]],"ignore":[],"code":true,"metadata":true,"ast":false,"comments":true,"compact":false,"minified":false,"sourceMap":true,"sourceMaps":true,"sourceMapTarget":"/app.js.map","sourceFileName":"/app.js","babelrc":false,"sourceType":"module","moduleIds":false,"passPerPreset":false,"basename":"app"},"ignored":false,"code":"Thing = new Mongo.Collection(\"thing\");\n\nif (Meteor.isClient) {\n    // counter starts at 0\n    Session.setDefault('counter', 0);\n    Session.setDefault('spinAnimation', 'stop');\n\n    Template.body.helpers({\n        counter: function () {\n            function counter() {\n                return Session.get('counter');\n            }\n\n            return counter;\n        }(),\n        spinAnimation: function () {\n            function spinAnimation() {\n                return Session.get('spinAnimation');\n            }\n\n            return spinAnimation;\n        }()\n    });\n\n    Template.run.events({\n        'click button': function () {\n            function clickButton() {\n                // increment the counter when button is clicked\n                Session.set('counter', Session.get('counter') + 1);\n                Session.set('spinAnimation', 'crank-slow');\n                // Make the thing spin\n                Meteor.call('spin', { frames: 6, delay: 200 });\n            }\n\n            return clickButton;\n        }()\n    });\n    Template.run1.events({\n        'click button': function () {\n            function clickButton() {\n                // increment the counter when button is clicked\n                Session.set('counter', Session.get('counter') + 1);\n                Session.set('spinAnimation', 'crank-medium');\n                // Make the thing spin\n                Meteor.call('spin', { frames: 12, delay: 60 });\n            }\n\n            return clickButton;\n        }()\n    });\n    Template.run2.events({\n        'click button': function () {\n            function clickButton() {\n                // increment the counter when button is clicked\n                Session.set('counter', Session.get('counter') + 1);\n                Session.set('spinAnimation', 'crank-insane');\n                // Make the thing spin\n                Meteor.call('spin', { frames: 24, delay: 100 });\n            }\n\n            return clickButton;\n        }()\n    });\n    Template.stop.events({\n        'click button': function () {\n            function clickButton() {\n                Session.set('spinAnimation', 'stop');\n                // Make the thing spin\n                //Meteor.call('spin', {frames: 24, delay: 100});\n            }\n\n            return clickButton;\n        }()\n    });\n}\n\nif (Meteor.isServer) {\n    Meteor.startup(function () {\n        // code to run on server at startup\n\n        //connect to broker and subscribe to status message\n        Thing.mqttConnect('mqtt://test.mosquitto.org', ['cici40/beat/'], {\n            insert: false,\n            raw: false\n        });\n    });\n\n    Meteor.methods({\n        'spin': function () {\n            function spin(doc) {\n                Thing.insert({ topic: 'cici40/run/', message: JSON.stringify(doc), broadcast: true });\n                console.log(Thing.find().fetch());\n            }\n\n            return spin;\n        }(),\n        'other': function () {\n            function other() {\n                // add something else\n            }\n\n            return other;\n        }()\n    });\n}","ast":null,"map":{"version":3,"sources":["/app.js"],"names":[],"mappings":"AAAA,QAAQ,IAAI,MAAM,UAAN,CAAiB,OAArB,CAAR;;AAEA,IAAI,OAAO,QAAP,EAAiB;;AAEjB,YAAQ,UAAR,CAAmB,SAAnB,EAA8B,CAA9B,EAFiB;AAGjB,YAAQ,UAAR,CAAmB,eAAnB,EAAoC,MAApC,EAHiB;;AAKjB,aAAS,IAAT,CAAc,OAAd,CAAsB;AAClB;AAAS,+BAAW;AAChB,uBAAO,QAAQ,GAAR,CAAY,SAAZ,CAAP,CADgB;aAAX;;;WAAT;AAGA;AAAe,qCAAY;AACvB,uBAAO,QAAQ,GAAR,CAAY,eAAZ,CAAP,CADuB;aAAZ;;;WAAf;KAJJ,EALiB;;AAcjB,aAAS,GAAT,CAAa,MAAb,CAAoB;AAChB;AAAgB,mCAAW;;AAEvB,wBAAQ,GAAR,CAAY,SAAZ,EAAuB,QAAQ,GAAR,CAAY,SAAZ,IAAyB,CAAzB,CAAvB,CAFuB;AAGvB,wBAAQ,GAAR,CAAY,eAAZ,EAA6B,YAA7B;;AAHuB,sBAKvB,CAAO,IAAP,CAAY,MAAZ,EAAoB,EAAC,QAAQ,CAAR,EAAW,OAAO,GAAP,EAAhC,EALuB;aAAX;;;WAAhB;KADJ,EAdiB;AAuBjB,aAAS,IAAT,CAAc,MAAd,CAAqB;AACjB;AAAgB,mCAAW;;AAEvB,wBAAQ,GAAR,CAAY,SAAZ,EAAuB,QAAQ,GAAR,CAAY,SAAZ,IAAyB,CAAzB,CAAvB,CAFuB;AAGvB,wBAAQ,GAAR,CAAY,eAAZ,EAA6B,cAA7B;;AAHuB,sBAKvB,CAAO,IAAP,CAAY,MAAZ,EAAoB,EAAC,QAAQ,EAAR,EAAY,OAAO,EAAP,EAAjC,EALuB;aAAX;;;WAAhB;KADJ,EAvBiB;AAgCjB,aAAS,IAAT,CAAc,MAAd,CAAqB;AACjB;AAAgB,mCAAW;;AAEvB,wBAAQ,GAAR,CAAY,SAAZ,EAAuB,QAAQ,GAAR,CAAY,SAAZ,IAAyB,CAAzB,CAAvB,CAFuB;AAGvB,wBAAQ,GAAR,CAAY,eAAZ,EAA6B,cAA7B;;AAHuB,sBAKvB,CAAO,IAAP,CAAY,MAAZ,EAAoB,EAAC,QAAQ,EAAR,EAAY,OAAO,GAAP,EAAjC,EALuB;aAAX;;;WAAhB;KADJ,EAhCiB;AAyCjB,aAAS,IAAT,CAAc,MAAd,CAAqB;AACjB;AAAgB,mCAAW;AACvB,wBAAQ,GAAR,CAAY,eAAZ,EAA6B,MAA7B;;;AADuB,aAAX;;;WAAhB;KADJ,EAzCiB;CAArB;;AAkDA,IAAI,OAAO,QAAP,EAAiB;AACjB,WAAO,OAAP,CAAe,YAAW;;;;AAItB,cAAM,WAAN,CAAkB,2BAAlB,EAA+C,CAAC,cAAD,CAA/C,EAAiE;AAC7D,oBAAQ,KAAR;AACA,iBAAK,KAAL;SAFJ,EAJsB;KAAX,CAAf,CADiB;;AAWjB,WAAO,OAAP,CAAe;AACf;AAAQ,0BAAS,GAAT,EAAc;AACpB,sBAAM,MAAN,CAAa,EAAE,OAAO,aAAP,EAAsB,SAAS,KAAK,SAAL,CAAe,GAAf,CAAT,EAA8B,WAAW,IAAX,EAAnE,EADoB;AAEpB,wBAAQ,GAAR,CAAY,MAAM,IAAN,GAAa,KAAb,EAAZ,EAFoB;aAAd;;;WAAR;AAIA;AAAS,6BAAW;;aAAX;;;WAAT;KALA,EAXiB;CAArB","file":"/app.js.map","sourcesContent":["Thing = new Mongo.Collection(\"thing\");\r\n\r\nif (Meteor.isClient) {\r\n    // counter starts at 0\r\n    Session.setDefault('counter', 0);\r\n    Session.setDefault('spinAnimation', 'stop');\r\n\r\n    Template.body.helpers({\r\n        counter: function() {\r\n            return Session.get('counter');\r\n        },\r\n        spinAnimation: function () {\r\n            return Session.get('spinAnimation');\r\n        }\r\n    });\r\n\r\n    Template.run.events({\r\n        'click button': function() {\r\n            // increment the counter when button is clicked\r\n            Session.set('counter', Session.get('counter') + 1);\r\n            Session.set('spinAnimation', 'crank-slow');\r\n            // Make the thing spin\r\n            Meteor.call('spin', {frames: 6, delay: 200});\r\n        }\r\n    });\r\n    Template.run1.events({\r\n        'click button': function() {\r\n            // increment the counter when button is clicked\r\n            Session.set('counter', Session.get('counter') + 1);\r\n            Session.set('spinAnimation', 'crank-medium');\r\n            // Make the thing spin\r\n            Meteor.call('spin', {frames: 12, delay: 60});\r\n        }\r\n    });\r\n    Template.run2.events({\r\n        'click button': function() {\r\n            // increment the counter when button is clicked\r\n            Session.set('counter', Session.get('counter') + 1);\r\n            Session.set('spinAnimation', 'crank-insane');\r\n            // Make the thing spin\r\n            Meteor.call('spin', {frames: 24, delay: 100});\r\n        }\r\n    });\r\n    Template.stop.events({\r\n        'click button': function() {\r\n            Session.set('spinAnimation', 'stop');\r\n            // Make the thing spin\r\n            //Meteor.call('spin', {frames: 24, delay: 100});\r\n        }\r\n    });\r\n}\r\n\r\nif (Meteor.isServer) {\r\n    Meteor.startup(function() {\r\n        // code to run on server at startup\r\n\r\n        //connect to broker and subscribe to status message\r\n        Thing.mqttConnect('mqtt://test.mosquitto.org', ['cici40/beat/'], {\r\n            insert: false,\r\n            raw: false\r\n        });\r\n    });\r\n    \r\n    Meteor.methods({\r\n    'spin': function(doc) {\r\n      Thing.insert({ topic: 'cici40/run/', message: JSON.stringify(doc), broadcast: true });\r\n      console.log(Thing.find().fetch());\r\n    },\r\n    'other': function() {\r\n      // add something else\r\n    }\r\n});\r\n}"]},"hash":"54c59fe6e82b7a7a9a4668e2bc608cd72dc5a482"}
