{"metadata":{"modules":{"imports":[],"exports":{"exported":[],"specifiers":[]}},"usedHelpers":[]},"ignored":false,"code":"Thing = new Mongo.Collection(\"thing\");\n\nif (Meteor.isClient) {\n    // counter starts at 0\n    Session.setDefault('counter', 0);\n    Session.setDefault('spinAnimation', 'none');\n\n    Template.body.helpers({\n        counter: function () {\n            return Session.get('counter');\n        },\n        spinAnimation: function () {\n            return Session.get('spinAnimation');\n        }\n    });\n\n    Template.run.events({\n        'click button': function () {\n            // increment the counter when button is clicked\n            Session.set('counter', Session.get('counter') + 1);\n            Session.set('spinAnimation', 'crank');\n            // Make the thing spin\n            Meteor.call('spin', { frames: 6, delay: 200 });\n        }\n    });\n    Template.run1.events({\n        'click button': function () {\n            // increment the counter when button is clicked\n            Session.set('counter', Session.get('counter') + 1);\n            Session.set('spinAnimation', 'crank');\n            // Make the thing spin\n            Meteor.call('spin', { frames: 12, delay: 60 });\n        }\n    });\n    Template.run2.events({\n        'click button': function () {\n            // increment the counter when button is clicked\n            Session.set('counter', Session.get('counter') + 1);\n            Session.set('spinAnimation', 'crank');\n            // Make the thing spin\n            Meteor.call('spin', { frames: 24, delay: 100 });\n        }\n    });\n}\n\nif (Meteor.isServer) {\n    Meteor.startup(function () {\n        // code to run on server at startup\n\n        //connect to broker and subscribe to status message\n        Thing.mqttConnect('mqtt://test.mosquitto.org', ['cici40/beat/'], {\n            insert: false,\n            raw: false\n        });\n    });\n\n    Meteor.methods({\n        'spin': function (doc) {\n            Thing.insert({ topic: 'cici40/run/', message: JSON.stringify(doc), broadcast: true });\n            console.log(Thing.find().fetch());\n        },\n        'other': function () {\n            // add something else\n        }\n    });\n}","ast":null,"map":{"version":3,"sources":["/app.js"],"names":[],"mappings":"AAAA,KAAK,GAAG,IAAI,KAAK,CAAC,UAAU,CAAC,OAAO,CAAC,CAAC;;AAEtC,IAAI,MAAM,CAAC,QAAQ,EAAE;;AAEjB,WAAO,CAAC,UAAU,CAAC,SAAS,EAAE,CAAC,CAAC,CAAC;AACjC,WAAO,CAAC,UAAU,CAAC,eAAe,EAAE,MAAM,CAAC,CAAC;;AAE5C,YAAQ,CAAC,IAAI,CAAC,OAAO,CAAC;AAClB,eAAO,EAAE,YAAW;AAChB,mBAAO,OAAO,CAAC,GAAG,CAAC,SAAS,CAAC,CAAC;SACjC;AACD,qBAAa,EAAE,YAAY;AACvB,mBAAO,OAAO,CAAC,GAAG,CAAC,eAAe,CAAC,CAAC;SACvC;KACJ,CAAC,CAAC;;AAEH,YAAQ,CAAC,GAAG,CAAC,MAAM,CAAC;AAChB,sBAAc,EAAE,YAAW;;AAEvB,mBAAO,CAAC,GAAG,CAAC,SAAS,EAAE,OAAO,CAAC,GAAG,CAAC,SAAS,CAAC,GAAG,CAAC,CAAC,CAAC;AACnD,mBAAO,CAAC,GAAG,CAAC,eAAe,EAAE,OAAO,CAAC,CAAC;;AAEtC,kBAAM,CAAC,IAAI,CAAC,MAAM,EAAE,EAAC,MAAM,EAAE,CAAC,EAAE,KAAK,EAAE,GAAG,EAAC,CAAC,CAAC;SAChD;KACJ,CAAC,CAAC;AACH,YAAQ,CAAC,IAAI,CAAC,MAAM,CAAC;AACjB,sBAAc,EAAE,YAAW;;AAEvB,mBAAO,CAAC,GAAG,CAAC,SAAS,EAAE,OAAO,CAAC,GAAG,CAAC,SAAS,CAAC,GAAG,CAAC,CAAC,CAAC;AACnD,mBAAO,CAAC,GAAG,CAAC,eAAe,EAAE,OAAO,CAAC,CAAC;;AAEtC,kBAAM,CAAC,IAAI,CAAC,MAAM,EAAE,EAAC,MAAM,EAAE,EAAE,EAAE,KAAK,EAAE,EAAE,EAAC,CAAC,CAAC;SAChD;KACJ,CAAC,CAAC;AACH,YAAQ,CAAC,IAAI,CAAC,MAAM,CAAC;AACjB,sBAAc,EAAE,YAAW;;AAEvB,mBAAO,CAAC,GAAG,CAAC,SAAS,EAAE,OAAO,CAAC,GAAG,CAAC,SAAS,CAAC,GAAG,CAAC,CAAC,CAAC;AACnD,mBAAO,CAAC,GAAG,CAAC,eAAe,EAAE,OAAO,CAAC,CAAC;;AAEtC,kBAAM,CAAC,IAAI,CAAC,MAAM,EAAE,EAAC,MAAM,EAAE,EAAE,EAAE,KAAK,EAAE,GAAG,EAAC,CAAC,CAAC;SACjD;KACJ,CAAC,CAAC;CACN;;AAED,IAAI,MAAM,CAAC,QAAQ,EAAE;AACjB,UAAM,CAAC,OAAO,CAAC,YAAW;;;;AAItB,aAAK,CAAC,WAAW,CAAC,2BAA2B,EAAE,CAAC,cAAc,CAAC,EAAE;AAC7D,kBAAM,EAAE,KAAK;AACb,eAAG,EAAE,KAAK;SACb,CAAC,CAAC;KACN,CAAC,CAAC;;AAEH,UAAM,CAAC,OAAO,CAAC;AACf,cAAM,EAAE,UAAS,GAAG,EAAE;AACpB,iBAAK,CAAC,MAAM,CAAC,EAAE,KAAK,EAAE,aAAa,EAAE,OAAO,EAAE,IAAI,CAAC,SAAS,CAAC,GAAG,CAAC,EAAE,SAAS,EAAE,IAAI,EAAE,CAAC,CAAC;AACtF,mBAAO,CAAC,GAAG,CAAC,KAAK,CAAC,IAAI,EAAE,CAAC,KAAK,EAAE,CAAC,CAAC;SACnC;AACD,eAAO,EAAE,YAAW;;SAEnB;KACJ,CAAC,CAAC;CACF","file":"/app.js.map","sourcesContent":["Thing = new Mongo.Collection(\"thing\");\r\n\r\nif (Meteor.isClient) {\r\n    // counter starts at 0\r\n    Session.setDefault('counter', 0);\r\n    Session.setDefault('spinAnimation', 'none');\r\n\r\n    Template.body.helpers({\r\n        counter: function() {\r\n            return Session.get('counter');\r\n        },\r\n        spinAnimation: function () {\r\n            return Session.get('spinAnimation');\r\n        }\r\n    });\r\n\r\n    Template.run.events({\r\n        'click button': function() {\r\n            // increment the counter when button is clicked\r\n            Session.set('counter', Session.get('counter') + 1);\r\n            Session.set('spinAnimation', 'crank');\r\n            // Make the thing spin\r\n            Meteor.call('spin', {frames: 6, delay: 200});\r\n        }\r\n    });\r\n    Template.run1.events({\r\n        'click button': function() {\r\n            // increment the counter when button is clicked\r\n            Session.set('counter', Session.get('counter') + 1);\r\n            Session.set('spinAnimation', 'crank');\r\n            // Make the thing spin\r\n            Meteor.call('spin', {frames: 12, delay: 60});\r\n        }\r\n    });\r\n    Template.run2.events({\r\n        'click button': function() {\r\n            // increment the counter when button is clicked\r\n            Session.set('counter', Session.get('counter') + 1);\r\n            Session.set('spinAnimation', 'crank');\r\n            // Make the thing spin\r\n            Meteor.call('spin', {frames: 24, delay: 100});\r\n        }\r\n    });\r\n}\r\n\r\nif (Meteor.isServer) {\r\n    Meteor.startup(function() {\r\n        // code to run on server at startup\r\n\r\n        //connect to broker and subscribe to status message\r\n        Thing.mqttConnect('mqtt://test.mosquitto.org', ['cici40/beat/'], {\r\n            insert: false,\r\n            raw: false\r\n        });\r\n    });\r\n    \r\n    Meteor.methods({\r\n    'spin': function(doc) {\r\n      Thing.insert({ topic: 'cici40/run/', message: JSON.stringify(doc), broadcast: true });\r\n      console.log(Thing.find().fetch());\r\n    },\r\n    'other': function() {\r\n      // add something else\r\n    }\r\n});\r\n}"]},"hash":"811adac5ecfa6700ea564334b04e6a3f30abe45a"}
